Mutation,Genotype_String_Position,WT_Genotype,MT_Genotype
1_C_A,0,C,A
1_C_C,0,C,C
1_C_D,0,C,D
1_C_E,0,C,E
1_C_F,0,C,F
1_C_G,0,C,G
1_C_H,0,C,H
1_C_I,0,C,I
1_C_K,0,C,K
1_C_L,0,C,L
1_C_M,0,C,M
1_C_N,0,C,N
1_C_P,0,C,P
1_C_Q,0,C,Q
1_C_R,0,C,R
1_C_S,0,C,S
1_C_T,0,C,T
1_C_V,0,C,V
1_C_W,0,C,W
1_C_Y,0,C,Y
2_L_A,1,L,A
2_L_C,1,L,C
2_L_D,1,L,D
2_L_E,1,L,E
2_L_F,1,L,F
2_L_G,1,L,G
2_L_H,1,L,H
2_L_I,1,L,I
2_L_K,1,L,K
2_L_L,1,L,L
2_L_M,1,L,M
2_L_N,1,L,N
2_L_P,1,L,P
2_L_Q,1,L,Q
2_L_R,1,L,R
2_L_S,1,L,S
2_L_T,1,L,T
2_L_V,1,L,V
2_L_W,1,L,W
2_L_Y,1,L,Y
3_V_A,2,V,A
3_V_C,2,V,C
3_V_D,2,V,D
3_V_E,2,V,E
3_V_F,2,V,F
3_V_G,2,V,G
3_V_H,2,V,H
3_V_I,2,V,I
3_V_K,2,V,K
3_V_L,2,V,L
3_V_M,2,V,M
3_V_N,2,V,N
3_V_P,2,V,P
3_V_Q,2,V,Q
3_V_R,2,V,R
3_V_S,2,V,S
3_V_T,2,V,T
3_V_V,2,V,V
3_V_W,2,V,W
3_V_Y,2,V,Y
4_C_A,3,C,A
4_C_C,3,C,C
4_C_D,3,C,D
4_C_E,3,C,E
4_C_F,3,C,F
4_C_G,3,C,G
4_C_H,3,C,H
4_C_I,3,C,I
4_C_K,3,C,K
4_C_L,3,C,L
4_C_M,3,C,M
4_C_N,3,C,N
4_C_P,3,C,P
4_C_Q,3,C,Q
4_C_R,3,C,R
4_C_S,3,C,S
4_C_T,3,C,T
4_C_V,3,C,V
4_C_W,3,C,W
4_C_Y,3,C,Y
5_G_A,4,G,A
5_G_C,4,G,C
5_G_D,4,G,D
5_G_E,4,G,E
5_G_F,4,G,F
5_G_G,4,G,G
5_G_H,4,G,H
5_G_I,4,G,I
5_G_K,4,G,K
5_G_L,4,G,L
5_G_M,4,G,M
5_G_N,4,G,N
5_G_P,4,G,P
5_G_Q,4,G,Q
5_G_R,4,G,R
5_G_S,4,G,S
5_G_T,4,G,T
5_G_V,4,G,V
5_G_W,4,G,W
5_G_Y,4,G,Y
6_D_A,5,D,A
6_D_C,5,D,C
6_D_D,5,D,D
6_D_E,5,D,E
6_D_F,5,D,F
6_D_G,5,D,G
6_D_H,5,D,H
6_D_I,5,D,I
6_D_K,5,D,K
6_D_L,5,D,L
6_D_M,5,D,M
6_D_N,5,D,N
6_D_P,5,D,P
6_D_Q,5,D,Q
6_D_R,5,D,R
6_D_S,5,D,S
6_D_T,5,D,T
6_D_V,5,D,V
6_D_W,5,D,W
6_D_Y,5,D,Y
7_R_A,6,R,A
7_R_C,6,R,C
7_R_D,6,R,D
7_R_E,6,R,E
7_R_F,6,R,F
7_R_G,6,R,G
7_R_H,6,R,H
7_R_I,6,R,I
7_R_K,6,R,K
7_R_L,6,R,L
7_R_M,6,R,M
7_R_N,6,R,N
7_R_P,6,R,P
7_R_Q,6,R,Q
7_R_R,6,R,R
7_R_S,6,R,S
7_R_T,6,R,T
7_R_V,6,R,V
7_R_W,6,R,W
7_R_Y,6,R,Y
8_A_A,7,A,A
8_A_C,7,A,C
8_A_D,7,A,D
8_A_E,7,A,E
8_A_F,7,A,F
8_A_G,7,A,G
8_A_H,7,A,H
8_A_I,7,A,I
8_A_K,7,A,K
8_A_L,7,A,L
8_A_M,7,A,M
8_A_N,7,A,N
8_A_P,7,A,P
8_A_Q,7,A,Q
8_A_R,7,A,R
8_A_S,7,A,S
8_A_T,7,A,T
8_A_V,7,A,V
8_A_W,7,A,W
8_A_Y,7,A,Y
9_S_A,8,S,A
9_S_C,8,S,C
9_S_D,8,S,D
9_S_E,8,S,E
9_S_F,8,S,F
9_S_G,8,S,G
9_S_H,8,S,H
9_S_I,8,S,I
9_S_K,8,S,K
9_S_L,8,S,L
9_S_M,8,S,M
9_S_N,8,S,N
9_S_P,8,S,P
9_S_Q,8,S,Q
9_S_R,8,S,R
9_S_S,8,S,S
9_S_T,8,S,T
9_S_V,8,S,V
9_S_W,8,S,W
9_S_Y,8,S,Y
10_G_A,9,G,A
10_G_C,9,G,C
10_G_D,9,G,D
10_G_E,9,G,E
10_G_F,9,G,F
10_G_G,9,G,G
10_G_H,9,G,H
10_G_I,9,G,I
10_G_K,9,G,K
10_G_L,9,G,L
10_G_M,9,G,M
10_G_N,9,G,N
10_G_P,9,G,P
10_G_Q,9,G,Q
10_G_R,9,G,R
10_G_S,9,G,S
10_G_T,9,G,T
10_G_V,9,G,V
10_G_W,9,G,W
10_G_Y,9,G,Y
11_Y_A,10,Y,A
11_Y_C,10,Y,C
11_Y_D,10,Y,D
11_Y_E,10,Y,E
11_Y_F,10,Y,F
11_Y_G,10,Y,G
11_Y_H,10,Y,H
11_Y_I,10,Y,I
11_Y_K,10,Y,K
11_Y_L,10,Y,L
11_Y_M,10,Y,M
11_Y_N,10,Y,N
11_Y_P,10,Y,P
11_Y_Q,10,Y,Q
11_Y_R,10,Y,R
11_Y_S,10,Y,S
11_Y_T,10,Y,T
11_Y_V,10,Y,V
11_Y_W,10,Y,W
11_Y_Y,10,Y,Y
12_H_A,11,H,A
12_H_C,11,H,C
12_H_D,11,H,D
12_H_E,11,H,E
12_H_F,11,H,F
12_H_G,11,H,G
12_H_H,11,H,H
12_H_I,11,H,I
12_H_K,11,H,K
12_H_L,11,H,L
12_H_M,11,H,M
12_H_N,11,H,N
12_H_P,11,H,P
12_H_Q,11,H,Q
12_H_R,11,H,R
12_H_S,11,H,S
12_H_T,11,H,T
12_H_V,11,H,V
12_H_W,11,H,W
12_H_Y,11,H,Y
13_Y_A,12,Y,A
13_Y_C,12,Y,C
13_Y_D,12,Y,D
13_Y_E,12,Y,E
13_Y_F,12,Y,F
13_Y_G,12,Y,G
13_Y_H,12,Y,H
13_Y_I,12,Y,I
13_Y_K,12,Y,K
13_Y_L,12,Y,L
13_Y_M,12,Y,M
13_Y_N,12,Y,N
13_Y_P,12,Y,P
13_Y_Q,12,Y,Q
13_Y_R,12,Y,R
13_Y_S,12,Y,S
13_Y_T,12,Y,T
13_Y_V,12,Y,V
13_Y_W,12,Y,W
13_Y_Y,12,Y,Y
14_G_A,13,G,A
14_G_C,13,G,C
14_G_D,13,G,D
14_G_E,13,G,E
14_G_F,13,G,F
14_G_G,13,G,G
14_G_H,13,G,H
14_G_I,13,G,I
14_G_K,13,G,K
14_G_L,13,G,L
14_G_M,13,G,M
14_G_N,13,G,N
14_G_P,13,G,P
14_G_Q,13,G,Q
14_G_R,13,G,R
14_G_S,13,G,S
14_G_T,13,G,T
14_G_V,13,G,V
14_G_W,13,G,W
14_G_Y,13,G,Y
15_V_A,14,V,A
15_V_C,14,V,C
15_V_D,14,V,D
15_V_E,14,V,E
15_V_F,14,V,F
15_V_G,14,V,G
15_V_H,14,V,H
15_V_I,14,V,I
15_V_K,14,V,K
15_V_L,14,V,L
15_V_M,14,V,M
15_V_N,14,V,N
15_V_P,14,V,P
15_V_Q,14,V,Q
15_V_R,14,V,R
15_V_S,14,V,S
15_V_T,14,V,T
15_V_V,14,V,V
15_V_W,14,V,W
15_V_Y,14,V,Y
16_L_A,15,L,A
16_L_C,15,L,C
16_L_D,15,L,D
16_L_E,15,L,E
16_L_F,15,L,F
16_L_G,15,L,G
16_L_H,15,L,H
16_L_I,15,L,I
16_L_K,15,L,K
16_L_L,15,L,L
16_L_M,15,L,M
16_L_N,15,L,N
16_L_P,15,L,P
16_L_Q,15,L,Q
16_L_R,15,L,R
16_L_S,15,L,S
16_L_T,15,L,T
16_L_V,15,L,V
16_L_W,15,L,W
16_L_Y,15,L,Y
17_S_A,16,S,A
17_S_C,16,S,C
17_S_D,16,S,D
17_S_E,16,S,E
17_S_F,16,S,F
17_S_G,16,S,G
17_S_H,16,S,H
17_S_I,16,S,I
17_S_K,16,S,K
17_S_L,16,S,L
17_S_M,16,S,M
17_S_N,16,S,N
17_S_P,16,S,P
17_S_Q,16,S,Q
17_S_R,16,S,R
17_S_S,16,S,S
17_S_T,16,S,T
17_S_V,16,S,V
17_S_W,16,S,W
17_S_Y,16,S,Y
18_C_A,17,C,A
18_C_C,17,C,C
18_C_D,17,C,D
18_C_E,17,C,E
18_C_F,17,C,F
18_C_G,17,C,G
18_C_H,17,C,H
18_C_I,17,C,I
18_C_K,17,C,K
18_C_L,17,C,L
18_C_M,17,C,M
18_C_N,17,C,N
18_C_P,17,C,P
18_C_Q,17,C,Q
18_C_R,17,C,R
18_C_S,17,C,S
18_C_T,17,C,T
18_C_V,17,C,V
18_C_W,17,C,W
18_C_Y,17,C,Y
19_E_A,18,E,A
19_E_C,18,E,C
19_E_D,18,E,D
19_E_E,18,E,E
19_E_F,18,E,F
19_E_G,18,E,G
19_E_H,18,E,H
19_E_I,18,E,I
19_E_K,18,E,K
19_E_L,18,E,L
19_E_M,18,E,M
19_E_N,18,E,N
19_E_P,18,E,P
19_E_Q,18,E,Q
19_E_R,18,E,R
19_E_S,18,E,S
19_E_T,18,E,T
19_E_V,18,E,V
19_E_W,18,E,W
19_E_Y,18,E,Y
20_G_A,19,G,A
20_G_C,19,G,C
20_G_D,19,G,D
20_G_E,19,G,E
20_G_F,19,G,F
20_G_G,19,G,G
20_G_H,19,G,H
20_G_I,19,G,I
20_G_K,19,G,K
20_G_L,19,G,L
20_G_M,19,G,M
20_G_N,19,G,N
20_G_P,19,G,P
20_G_Q,19,G,Q
20_G_R,19,G,R
20_G_S,19,G,S
20_G_T,19,G,T
20_G_V,19,G,V
20_G_W,19,G,W
20_G_Y,19,G,Y
21_C_A,20,C,A
21_C_C,20,C,C
21_C_D,20,C,D
21_C_E,20,C,E
21_C_F,20,C,F
21_C_G,20,C,G
21_C_H,20,C,H
21_C_I,20,C,I
21_C_K,20,C,K
21_C_L,20,C,L
21_C_M,20,C,M
21_C_N,20,C,N
21_C_P,20,C,P
21_C_Q,20,C,Q
21_C_R,20,C,R
21_C_S,20,C,S
21_C_T,20,C,T
21_C_V,20,C,V
21_C_W,20,C,W
21_C_Y,20,C,Y
22_K_A,21,K,A
22_K_C,21,K,C
22_K_D,21,K,D
22_K_E,21,K,E
22_K_F,21,K,F
22_K_G,21,K,G
22_K_H,21,K,H
22_K_I,21,K,I
22_K_K,21,K,K
22_K_L,21,K,L
22_K_M,21,K,M
22_K_N,21,K,N
22_K_P,21,K,P
22_K_Q,21,K,Q
22_K_R,21,K,R
22_K_S,21,K,S
22_K_T,21,K,T
22_K_V,21,K,V
22_K_W,21,K,W
22_K_Y,21,K,Y
23_A_A,22,A,A
23_A_C,22,A,C
23_A_D,22,A,D
23_A_E,22,A,E
23_A_F,22,A,F
23_A_G,22,A,G
23_A_H,22,A,H
23_A_I,22,A,I
23_A_K,22,A,K
23_A_L,22,A,L
23_A_M,22,A,M
23_A_N,22,A,N
23_A_P,22,A,P
23_A_Q,22,A,Q
23_A_R,22,A,R
23_A_S,22,A,S
23_A_T,22,A,T
23_A_V,22,A,V
23_A_W,22,A,W
23_A_Y,22,A,Y
24_F_A,23,F,A
24_F_C,23,F,C
24_F_D,23,F,D
24_F_E,23,F,E
24_F_F,23,F,F
24_F_G,23,F,G
24_F_H,23,F,H
24_F_I,23,F,I
24_F_K,23,F,K
24_F_L,23,F,L
24_F_M,23,F,M
24_F_N,23,F,N
24_F_P,23,F,P
24_F_Q,23,F,Q
24_F_R,23,F,R
24_F_S,23,F,S
24_F_T,23,F,T
24_F_V,23,F,V
24_F_W,23,F,W
24_F_Y,23,F,Y
25_F_A,24,F,A
25_F_C,24,F,C
25_F_D,24,F,D
25_F_E,24,F,E
25_F_F,24,F,F
25_F_G,24,F,G
25_F_H,24,F,H
25_F_I,24,F,I
25_F_K,24,F,K
25_F_L,24,F,L
25_F_M,24,F,M
25_F_N,24,F,N
25_F_P,24,F,P
25_F_Q,24,F,Q
25_F_R,24,F,R
25_F_S,24,F,S
25_F_T,24,F,T
25_F_V,24,F,V
25_F_W,24,F,W
25_F_Y,24,F,Y
26_K_A,25,K,A
26_K_C,25,K,C
26_K_D,25,K,D
26_K_E,25,K,E
26_K_F,25,K,F
26_K_G,25,K,G
26_K_H,25,K,H
26_K_I,25,K,I
26_K_K,25,K,K
26_K_L,25,K,L
26_K_M,25,K,M
26_K_N,25,K,N
26_K_P,25,K,P
26_K_Q,25,K,Q
26_K_R,25,K,R
26_K_S,25,K,S
26_K_T,25,K,T
26_K_V,25,K,V
26_K_W,25,K,W
26_K_Y,25,K,Y
27_R_A,26,R,A
27_R_C,26,R,C
27_R_D,26,R,D
27_R_E,26,R,E
27_R_F,26,R,F
27_R_G,26,R,G
27_R_H,26,R,H
27_R_I,26,R,I
27_R_K,26,R,K
27_R_L,26,R,L
27_R_M,26,R,M
27_R_N,26,R,N
27_R_P,26,R,P
27_R_Q,26,R,Q
27_R_R,26,R,R
27_R_S,26,R,S
27_R_T,26,R,T
27_R_V,26,R,V
27_R_W,26,R,W
27_R_Y,26,R,Y
28_S_A,27,S,A
28_S_C,27,S,C
28_S_D,27,S,D
28_S_E,27,S,E
28_S_F,27,S,F
28_S_G,27,S,G
28_S_H,27,S,H
28_S_I,27,S,I
28_S_K,27,S,K
28_S_L,27,S,L
28_S_M,27,S,M
28_S_N,27,S,N
28_S_P,27,S,P
28_S_Q,27,S,Q
28_S_R,27,S,R
28_S_S,27,S,S
28_S_T,27,S,T
28_S_V,27,S,V
28_S_W,27,S,W
28_S_Y,27,S,Y
29_I_A,28,I,A
29_I_C,28,I,C
29_I_D,28,I,D
29_I_E,28,I,E
29_I_F,28,I,F
29_I_G,28,I,G
29_I_H,28,I,H
29_I_I,28,I,I
29_I_K,28,I,K
29_I_L,28,I,L
29_I_M,28,I,M
29_I_N,28,I,N
29_I_P,28,I,P
29_I_Q,28,I,Q
29_I_R,28,I,R
29_I_S,28,I,S
29_I_T,28,I,T
29_I_V,28,I,V
29_I_W,28,I,W
29_I_Y,28,I,Y
30_Q_A,29,Q,A
30_Q_C,29,Q,C
30_Q_D,29,Q,D
30_Q_E,29,Q,E
30_Q_F,29,Q,F
30_Q_G,29,Q,G
30_Q_H,29,Q,H
30_Q_I,29,Q,I
30_Q_K,29,Q,K
30_Q_L,29,Q,L
30_Q_M,29,Q,M
30_Q_N,29,Q,N
30_Q_P,29,Q,P
30_Q_Q,29,Q,Q
30_Q_R,29,Q,R
30_Q_S,29,Q,S
30_Q_T,29,Q,T
30_Q_V,29,Q,V
30_Q_W,29,Q,W
30_Q_Y,29,Q,Y
31_G_A,30,G,A
31_G_C,30,G,C
31_G_D,30,G,D
31_G_E,30,G,E
31_G_F,30,G,F
31_G_G,30,G,G
31_G_H,30,G,H
31_G_I,30,G,I
31_G_K,30,G,K
31_G_L,30,G,L
31_G_M,30,G,M
31_G_N,30,G,N
31_G_P,30,G,P
31_G_Q,30,G,Q
31_G_R,30,G,R
31_G_S,30,G,S
31_G_T,30,G,T
31_G_V,30,G,V
31_G_W,30,G,W
31_G_Y,30,G,Y
32_S_A,31,S,A
32_S_C,31,S,C
32_S_D,31,S,D
32_S_E,31,S,E
32_S_F,31,S,F
32_S_G,31,S,G
32_S_H,31,S,H
32_S_I,31,S,I
32_S_K,31,S,K
32_S_L,31,S,L
32_S_M,31,S,M
32_S_N,31,S,N
32_S_P,31,S,P
32_S_Q,31,S,Q
32_S_R,31,S,R
32_S_S,31,S,S
32_S_T,31,S,T
32_S_V,31,S,V
32_S_W,31,S,W
32_S_Y,31,S,Y
33_V_A,32,V,A
33_V_C,32,V,C
33_V_D,32,V,D
33_V_E,32,V,E
33_V_F,32,V,F
33_V_G,32,V,G
33_V_H,32,V,H
33_V_I,32,V,I
33_V_K,32,V,K
33_V_L,32,V,L
33_V_M,32,V,M
33_V_N,32,V,N
33_V_P,32,V,P
33_V_Q,32,V,Q
33_V_R,32,V,R
33_V_S,32,V,S
33_V_T,32,V,T
33_V_V,32,V,V
33_V_W,32,V,W
33_V_Y,32,V,Y
34_E_A,33,E,A
34_E_C,33,E,C
34_E_D,33,E,D
34_E_E,33,E,E
34_E_F,33,E,F
34_E_G,33,E,G
34_E_H,33,E,H
34_E_I,33,E,I
34_E_K,33,E,K
34_E_L,33,E,L
34_E_M,33,E,M
34_E_N,33,E,N
34_E_P,33,E,P
34_E_Q,33,E,Q
34_E_R,33,E,R
34_E_S,33,E,S
34_E_T,33,E,T
34_E_V,33,E,V
34_E_W,33,E,W
34_E_Y,33,E,Y
35_Y_A,34,Y,A
35_Y_C,34,Y,C
35_Y_D,34,Y,D
35_Y_E,34,Y,E
35_Y_F,34,Y,F
35_Y_G,34,Y,G
35_Y_H,34,Y,H
35_Y_I,34,Y,I
35_Y_K,34,Y,K
35_Y_L,34,Y,L
35_Y_M,34,Y,M
35_Y_N,34,Y,N
35_Y_P,34,Y,P
35_Y_Q,34,Y,Q
35_Y_R,34,Y,R
35_Y_S,34,Y,S
35_Y_T,34,Y,T
35_Y_V,34,Y,V
35_Y_W,34,Y,W
35_Y_Y,34,Y,Y
36_T_A,35,T,A
36_T_C,35,T,C
36_T_D,35,T,D
36_T_E,35,T,E
36_T_F,35,T,F
36_T_G,35,T,G
36_T_H,35,T,H
36_T_I,35,T,I
36_T_K,35,T,K
36_T_L,35,T,L
36_T_M,35,T,M
36_T_N,35,T,N
36_T_P,35,T,P
36_T_Q,35,T,Q
36_T_R,35,T,R
36_T_S,35,T,S
36_T_T,35,T,T
36_T_V,35,T,V
36_T_W,35,T,W
36_T_Y,35,T,Y
37_C_A,36,C,A
37_C_C,36,C,C
37_C_D,36,C,D
37_C_E,36,C,E
37_C_F,36,C,F
37_C_G,36,C,G
37_C_H,36,C,H
37_C_I,36,C,I
37_C_K,36,C,K
37_C_L,36,C,L
37_C_M,36,C,M
37_C_N,36,C,N
37_C_P,36,C,P
37_C_Q,36,C,Q
37_C_R,36,C,R
37_C_S,36,C,S
37_C_T,36,C,T
37_C_V,36,C,V
37_C_W,36,C,W
37_C_Y,36,C,Y
38_P_A,37,P,A
38_P_C,37,P,C
38_P_D,37,P,D
38_P_E,37,P,E
38_P_F,37,P,F
38_P_G,37,P,G
38_P_H,37,P,H
38_P_I,37,P,I
38_P_K,37,P,K
38_P_L,37,P,L
38_P_M,37,P,M
38_P_N,37,P,N
38_P_P,37,P,P
38_P_Q,37,P,Q
38_P_R,37,P,R
38_P_S,37,P,S
38_P_T,37,P,T
38_P_V,37,P,V
38_P_W,37,P,W
38_P_Y,37,P,Y
39_A_A,38,A,A
39_A_C,38,A,C
39_A_D,38,A,D
39_A_E,38,A,E
39_A_F,38,A,F
39_A_G,38,A,G
39_A_H,38,A,H
39_A_I,38,A,I
39_A_K,38,A,K
39_A_L,38,A,L
39_A_M,38,A,M
39_A_N,38,A,N
39_A_P,38,A,P
39_A_Q,38,A,Q
39_A_R,38,A,R
39_A_S,38,A,S
39_A_T,38,A,T
39_A_V,38,A,V
39_A_W,38,A,W
39_A_Y,38,A,Y
40_T_A,39,T,A
40_T_C,39,T,C
40_T_D,39,T,D
40_T_E,39,T,E
40_T_F,39,T,F
40_T_G,39,T,G
40_T_H,39,T,H
40_T_I,39,T,I
40_T_K,39,T,K
40_T_L,39,T,L
40_T_M,39,T,M
40_T_N,39,T,N
40_T_P,39,T,P
40_T_Q,39,T,Q
40_T_R,39,T,R
40_T_S,39,T,S
40_T_T,39,T,T
40_T_V,39,T,V
40_T_W,39,T,W
40_T_Y,39,T,Y
41_N_A,40,N,A
41_N_C,40,N,C
41_N_D,40,N,D
41_N_E,40,N,E
41_N_F,40,N,F
41_N_G,40,N,G
41_N_H,40,N,H
41_N_I,40,N,I
41_N_K,40,N,K
41_N_L,40,N,L
41_N_M,40,N,M
41_N_N,40,N,N
41_N_P,40,N,P
41_N_Q,40,N,Q
41_N_R,40,N,R
41_N_S,40,N,S
41_N_T,40,N,T
41_N_V,40,N,V
41_N_W,40,N,W
41_N_Y,40,N,Y
42_E_A,41,E,A
42_E_C,41,E,C
42_E_D,41,E,D
42_E_E,41,E,E
42_E_F,41,E,F
42_E_G,41,E,G
42_E_H,41,E,H
42_E_I,41,E,I
42_E_K,41,E,K
42_E_L,41,E,L
42_E_M,41,E,M
42_E_N,41,E,N
42_E_P,41,E,P
42_E_Q,41,E,Q
42_E_R,41,E,R
42_E_S,41,E,S
42_E_T,41,E,T
42_E_V,41,E,V
42_E_W,41,E,W
42_E_Y,41,E,Y
43_C_A,42,C,A
43_C_C,42,C,C
43_C_D,42,C,D
43_C_E,42,C,E
43_C_F,42,C,F
43_C_G,42,C,G
43_C_H,42,C,H
43_C_I,42,C,I
43_C_K,42,C,K
43_C_L,42,C,L
43_C_M,42,C,M
43_C_N,42,C,N
43_C_P,42,C,P
43_C_Q,42,C,Q
43_C_R,42,C,R
43_C_S,42,C,S
43_C_T,42,C,T
43_C_V,42,C,V
43_C_W,42,C,W
43_C_Y,42,C,Y
44_K_A,43,K,A
44_K_C,43,K,C
44_K_D,43,K,D
44_K_E,43,K,E
44_K_F,43,K,F
44_K_G,43,K,G
44_K_H,43,K,H
44_K_I,43,K,I
44_K_K,43,K,K
44_K_L,43,K,L
44_K_M,43,K,M
44_K_N,43,K,N
44_K_P,43,K,P
44_K_Q,43,K,Q
44_K_R,43,K,R
44_K_S,43,K,S
44_K_T,43,K,T
44_K_V,43,K,V
44_K_W,43,K,W
44_K_Y,43,K,Y
45_I_A,44,I,A
45_I_C,44,I,C
45_I_D,44,I,D
45_I_E,44,I,E
45_I_F,44,I,F
45_I_G,44,I,G
45_I_H,44,I,H
45_I_I,44,I,I
45_I_K,44,I,K
45_I_L,44,I,L
45_I_M,44,I,M
45_I_N,44,I,N
45_I_P,44,I,P
45_I_Q,44,I,Q
45_I_R,44,I,R
45_I_S,44,I,S
45_I_T,44,I,T
45_I_V,44,I,V
45_I_W,44,I,W
45_I_Y,44,I,Y
46_D_A,45,D,A
46_D_C,45,D,C
46_D_D,45,D,D
46_D_E,45,D,E
46_D_F,45,D,F
46_D_G,45,D,G
46_D_H,45,D,H
46_D_I,45,D,I
46_D_K,45,D,K
46_D_L,45,D,L
46_D_M,45,D,M
46_D_N,45,D,N
46_D_P,45,D,P
46_D_Q,45,D,Q
46_D_R,45,D,R
46_D_S,45,D,S
46_D_T,45,D,T
46_D_V,45,D,V
46_D_W,45,D,W
46_D_Y,45,D,Y
47_K_A,46,K,A
47_K_C,46,K,C
47_K_D,46,K,D
47_K_E,46,K,E
47_K_F,46,K,F
47_K_G,46,K,G
47_K_H,46,K,H
47_K_I,46,K,I
47_K_K,46,K,K
47_K_L,46,K,L
47_K_M,46,K,M
47_K_N,46,K,N
47_K_P,46,K,P
47_K_Q,46,K,Q
47_K_R,46,K,R
47_K_S,46,K,S
47_K_T,46,K,T
47_K_V,46,K,V
47_K_W,46,K,W
47_K_Y,46,K,Y
48_H_A,47,H,A
48_H_C,47,H,C
48_H_D,47,H,D
48_H_E,47,H,E
48_H_F,47,H,F
48_H_G,47,H,G
48_H_H,47,H,H
48_H_I,47,H,I
48_H_K,47,H,K
48_H_L,47,H,L
48_H_M,47,H,M
48_H_N,47,H,N
48_H_P,47,H,P
48_H_Q,47,H,Q
48_H_R,47,H,R
48_H_S,47,H,S
48_H_T,47,H,T
48_H_V,47,H,V
48_H_W,47,H,W
48_H_Y,47,H,Y
49_R_A,48,R,A
49_R_C,48,R,C
49_R_D,48,R,D
49_R_E,48,R,E
49_R_F,48,R,F
49_R_G,48,R,G
49_R_H,48,R,H
49_R_I,48,R,I
49_R_K,48,R,K
49_R_L,48,R,L
49_R_M,48,R,M
49_R_N,48,R,N
49_R_P,48,R,P
49_R_Q,48,R,Q
49_R_R,48,R,R
49_R_S,48,R,S
49_R_T,48,R,T
49_R_V,48,R,V
49_R_W,48,R,W
49_R_Y,48,R,Y
50_R_A,49,R,A
50_R_C,49,R,C
50_R_D,49,R,D
50_R_E,49,R,E
50_R_F,49,R,F
50_R_G,49,R,G
50_R_H,49,R,H
50_R_I,49,R,I
50_R_K,49,R,K
50_R_L,49,R,L
50_R_M,49,R,M
50_R_N,49,R,N
50_R_P,49,R,P
50_R_Q,49,R,Q
50_R_R,49,R,R
50_R_S,49,R,S
50_R_T,49,R,T
50_R_V,49,R,V
50_R_W,49,R,W
50_R_Y,49,R,Y
51_K_A,50,K,A
51_K_C,50,K,C
51_K_D,50,K,D
51_K_E,50,K,E
51_K_F,50,K,F
51_K_G,50,K,G
51_K_H,50,K,H
51_K_I,50,K,I
51_K_K,50,K,K
51_K_L,50,K,L
51_K_M,50,K,M
51_K_N,50,K,N
51_K_P,50,K,P
51_K_Q,50,K,Q
51_K_R,50,K,R
51_K_S,50,K,S
51_K_T,50,K,T
51_K_V,50,K,V
51_K_W,50,K,W
51_K_Y,50,K,Y
52_S_A,51,S,A
52_S_C,51,S,C
52_S_D,51,S,D
52_S_E,51,S,E
52_S_F,51,S,F
52_S_G,51,S,G
52_S_H,51,S,H
52_S_I,51,S,I
52_S_K,51,S,K
52_S_L,51,S,L
52_S_M,51,S,M
52_S_N,51,S,N
52_S_P,51,S,P
52_S_Q,51,S,Q
52_S_R,51,S,R
52_S_S,51,S,S
52_S_T,51,S,T
52_S_V,51,S,V
52_S_W,51,S,W
52_S_Y,51,S,Y
53_C_A,52,C,A
53_C_C,52,C,C
53_C_D,52,C,D
53_C_E,52,C,E
53_C_F,52,C,F
53_C_G,52,C,G
53_C_H,52,C,H
53_C_I,52,C,I
53_C_K,52,C,K
53_C_L,52,C,L
53_C_M,52,C,M
53_C_N,52,C,N
53_C_P,52,C,P
53_C_Q,52,C,Q
53_C_R,52,C,R
53_C_S,52,C,S
53_C_T,52,C,T
53_C_V,52,C,V
53_C_W,52,C,W
53_C_Y,52,C,Y
54_Q_A,53,Q,A
54_Q_C,53,Q,C
54_Q_D,53,Q,D
54_Q_E,53,Q,E
54_Q_F,53,Q,F
54_Q_G,53,Q,G
54_Q_H,53,Q,H
54_Q_I,53,Q,I
54_Q_K,53,Q,K
54_Q_L,53,Q,L
54_Q_M,53,Q,M
54_Q_N,53,Q,N
54_Q_P,53,Q,P
54_Q_Q,53,Q,Q
54_Q_R,53,Q,R
54_Q_S,53,Q,S
54_Q_T,53,Q,T
54_Q_V,53,Q,V
54_Q_W,53,Q,W
54_Q_Y,53,Q,Y
55_A_A,54,A,A
55_A_C,54,A,C
55_A_D,54,A,D
55_A_E,54,A,E
55_A_F,54,A,F
55_A_G,54,A,G
55_A_H,54,A,H
55_A_I,54,A,I
55_A_K,54,A,K
55_A_L,54,A,L
55_A_M,54,A,M
55_A_N,54,A,N
55_A_P,54,A,P
55_A_Q,54,A,Q
55_A_R,54,A,R
55_A_S,54,A,S
55_A_T,54,A,T
55_A_V,54,A,V
55_A_W,54,A,W
55_A_Y,54,A,Y
56_C_A,55,C,A
56_C_C,55,C,C
56_C_D,55,C,D
56_C_E,55,C,E
56_C_F,55,C,F
56_C_G,55,C,G
56_C_H,55,C,H
56_C_I,55,C,I
56_C_K,55,C,K
56_C_L,55,C,L
56_C_M,55,C,M
56_C_N,55,C,N
56_C_P,55,C,P
56_C_Q,55,C,Q
56_C_R,55,C,R
56_C_S,55,C,S
56_C_T,55,C,T
56_C_V,55,C,V
56_C_W,55,C,W
56_C_Y,55,C,Y
57_R_A,56,R,A
57_R_C,56,R,C
57_R_D,56,R,D
57_R_E,56,R,E
57_R_F,56,R,F
57_R_G,56,R,G
57_R_H,56,R,H
57_R_I,56,R,I
57_R_K,56,R,K
57_R_L,56,R,L
57_R_M,56,R,M
57_R_N,56,R,N
57_R_P,56,R,P
57_R_Q,56,R,Q
57_R_R,56,R,R
57_R_S,56,R,S
57_R_T,56,R,T
57_R_V,56,R,V
57_R_W,56,R,W
57_R_Y,56,R,Y
58_L_A,57,L,A
58_L_C,57,L,C
58_L_D,57,L,D
58_L_E,57,L,E
58_L_F,57,L,F
58_L_G,57,L,G
58_L_H,57,L,H
58_L_I,57,L,I
58_L_K,57,L,K
58_L_L,57,L,L
58_L_M,57,L,M
58_L_N,57,L,N
58_L_P,57,L,P
58_L_Q,57,L,Q
58_L_R,57,L,R
58_L_S,57,L,S
58_L_T,57,L,T
58_L_V,57,L,V
58_L_W,57,L,W
58_L_Y,57,L,Y
59_Q_A,58,Q,A
59_Q_C,58,Q,C
59_Q_D,58,Q,D
59_Q_E,58,Q,E
59_Q_F,58,Q,F
59_Q_G,58,Q,G
59_Q_H,58,Q,H
59_Q_I,58,Q,I
59_Q_K,58,Q,K
59_Q_L,58,Q,L
59_Q_M,58,Q,M
59_Q_N,58,Q,N
59_Q_P,58,Q,P
59_Q_Q,58,Q,Q
59_Q_R,58,Q,R
59_Q_S,58,Q,S
59_Q_T,58,Q,T
59_Q_V,58,Q,V
59_Q_W,58,Q,W
59_Q_Y,58,Q,Y
60_K_A,59,K,A
60_K_C,59,K,C
60_K_D,59,K,D
60_K_E,59,K,E
60_K_F,59,K,F
60_K_G,59,K,G
60_K_H,59,K,H
60_K_I,59,K,I
60_K_K,59,K,K
60_K_L,59,K,L
60_K_M,59,K,M
60_K_N,59,K,N
60_K_P,59,K,P
60_K_Q,59,K,Q
60_K_R,59,K,R
60_K_S,59,K,S
60_K_T,59,K,T
60_K_V,59,K,V
60_K_W,59,K,W
60_K_Y,59,K,Y
61_C_A,60,C,A
61_C_C,60,C,C
61_C_D,60,C,D
61_C_E,60,C,E
61_C_F,60,C,F
61_C_G,60,C,G
61_C_H,60,C,H
61_C_I,60,C,I
61_C_K,60,C,K
61_C_L,60,C,L
61_C_M,60,C,M
61_C_N,60,C,N
61_C_P,60,C,P
61_C_Q,60,C,Q
61_C_R,60,C,R
61_C_S,60,C,S
61_C_T,60,C,T
61_C_V,60,C,V
61_C_W,60,C,W
61_C_Y,60,C,Y
62_F_A,61,F,A
62_F_C,61,F,C
62_F_D,61,F,D
62_F_E,61,F,E
62_F_F,61,F,F
62_F_G,61,F,G
62_F_H,61,F,H
62_F_I,61,F,I
62_F_K,61,F,K
62_F_L,61,F,L
62_F_M,61,F,M
62_F_N,61,F,N
62_F_P,61,F,P
62_F_Q,61,F,Q
62_F_R,61,F,R
62_F_S,61,F,S
62_F_T,61,F,T
62_F_V,61,F,V
62_F_W,61,F,W
62_F_Y,61,F,Y
63_E_A,62,E,A
63_E_C,62,E,C
63_E_D,62,E,D
63_E_E,62,E,E
63_E_F,62,E,F
63_E_G,62,E,G
63_E_H,62,E,H
63_E_I,62,E,I
63_E_K,62,E,K
63_E_L,62,E,L
63_E_M,62,E,M
63_E_N,62,E,N
63_E_P,62,E,P
63_E_Q,62,E,Q
63_E_R,62,E,R
63_E_S,62,E,S
63_E_T,62,E,T
63_E_V,62,E,V
63_E_W,62,E,W
63_E_Y,62,E,Y
64_V_A,63,V,A
64_V_C,63,V,C
64_V_D,63,V,D
64_V_E,63,V,E
64_V_F,63,V,F
64_V_G,63,V,G
64_V_H,63,V,H
64_V_I,63,V,I
64_V_K,63,V,K
64_V_L,63,V,L
64_V_M,63,V,M
64_V_N,63,V,N
64_V_P,63,V,P
64_V_Q,63,V,Q
64_V_R,63,V,R
64_V_S,63,V,S
64_V_T,63,V,T
64_V_V,63,V,V
64_V_W,63,V,W
64_V_Y,63,V,Y
65_G_A,64,G,A
65_G_C,64,G,C
65_G_D,64,G,D
65_G_E,64,G,E
65_G_F,64,G,F
65_G_G,64,G,G
65_G_H,64,G,H
65_G_I,64,G,I
65_G_K,64,G,K
65_G_L,64,G,L
65_G_M,64,G,M
65_G_N,64,G,N
65_G_P,64,G,P
65_G_Q,64,G,Q
65_G_R,64,G,R
65_G_S,64,G,S
65_G_T,64,G,T
65_G_V,64,G,V
65_G_W,64,G,W
65_G_Y,64,G,Y
66_M_A,65,M,A
66_M_C,65,M,C
66_M_D,65,M,D
66_M_E,65,M,E
66_M_F,65,M,F
66_M_G,65,M,G
66_M_H,65,M,H
66_M_I,65,M,I
66_M_K,65,M,K
66_M_L,65,M,L
66_M_M,65,M,M
66_M_N,65,M,N
66_M_P,65,M,P
66_M_Q,65,M,Q
66_M_R,65,M,R
66_M_S,65,M,S
66_M_T,65,M,T
66_M_V,65,M,V
66_M_W,65,M,W
66_M_Y,65,M,Y
67_M_A,66,M,A
67_M_C,66,M,C
67_M_D,66,M,D
67_M_E,66,M,E
67_M_F,66,M,F
67_M_G,66,M,G
67_M_H,66,M,H
67_M_I,66,M,I
67_M_K,66,M,K
67_M_L,66,M,L
67_M_M,66,M,M
67_M_N,66,M,N
67_M_P,66,M,P
67_M_Q,66,M,Q
67_M_R,66,M,R
67_M_S,66,M,S
67_M_T,66,M,T
67_M_V,66,M,V
67_M_W,66,M,W
67_M_Y,66,M,Y
68_K_A,67,K,A
68_K_C,67,K,C
68_K_D,67,K,D
68_K_E,67,K,E
68_K_F,67,K,F
68_K_G,67,K,G
68_K_H,67,K,H
68_K_I,67,K,I
68_K_K,67,K,K
68_K_L,67,K,L
68_K_M,67,K,M
68_K_N,67,K,N
68_K_P,67,K,P
68_K_Q,67,K,Q
68_K_R,67,K,R
68_K_S,67,K,S
68_K_T,67,K,T
68_K_V,67,K,V
68_K_W,67,K,W
68_K_Y,67,K,Y
69_E_A,68,E,A
69_E_C,68,E,C
69_E_D,68,E,D
69_E_E,68,E,E
69_E_F,68,E,F
69_E_G,68,E,G
69_E_H,68,E,H
69_E_I,68,E,I
69_E_K,68,E,K
69_E_L,68,E,L
69_E_M,68,E,M
69_E_N,68,E,N
69_E_P,68,E,P
69_E_Q,68,E,Q
69_E_R,68,E,R
69_E_S,68,E,S
69_E_T,68,E,T
69_E_V,68,E,V
69_E_W,68,E,W
69_E_Y,68,E,Y
70_G_A,69,G,A
70_G_C,69,G,C
70_G_D,69,G,D
70_G_E,69,G,E
70_G_F,69,G,F
70_G_G,69,G,G
70_G_H,69,G,H
70_G_I,69,G,I
70_G_K,69,G,K
70_G_L,69,G,L
70_G_M,69,G,M
70_G_N,69,G,N
70_G_P,69,G,P
70_G_Q,69,G,Q
70_G_R,69,G,R
70_G_S,69,G,S
70_G_T,69,G,T
70_G_V,69,G,V
70_G_W,69,G,W
70_G_Y,69,G,Y
71_V_A,70,V,A
71_V_C,70,V,C
71_V_D,70,V,D
71_V_E,70,V,E
71_V_F,70,V,F
71_V_G,70,V,G
71_V_H,70,V,H
71_V_I,70,V,I
71_V_K,70,V,K
71_V_L,70,V,L
71_V_M,70,V,M
71_V_N,70,V,N
71_V_P,70,V,P
71_V_Q,70,V,Q
71_V_R,70,V,R
71_V_S,70,V,S
71_V_T,70,V,T
71_V_V,70,V,V
71_V_W,70,V,W
71_V_Y,70,V,Y
72_R_A,71,R,A
72_R_C,71,R,C
72_R_D,71,R,D
72_R_E,71,R,E
72_R_F,71,R,F
72_R_G,71,R,G
72_R_H,71,R,H
72_R_I,71,R,I
72_R_K,71,R,K
72_R_L,71,R,L
72_R_M,71,R,M
72_R_N,71,R,N
72_R_P,71,R,P
72_R_Q,71,R,Q
72_R_R,71,R,R
72_R_S,71,R,S
72_R_T,71,R,T
72_R_V,71,R,V
72_R_W,71,R,W
72_R_Y,71,R,Y
73_K_A,72,K,A
73_K_C,72,K,C
73_K_D,72,K,D
73_K_E,72,K,E
73_K_F,72,K,F
73_K_G,72,K,G
73_K_H,72,K,H
73_K_I,72,K,I
73_K_K,72,K,K
73_K_L,72,K,L
73_K_M,72,K,M
73_K_N,72,K,N
73_K_P,72,K,P
73_K_Q,72,K,Q
73_K_R,72,K,R
73_K_S,72,K,S
73_K_T,72,K,T
73_K_V,72,K,V
73_K_W,72,K,W
73_K_Y,72,K,Y
74_D_A,73,D,A
74_D_C,73,D,C
74_D_D,73,D,D
74_D_E,73,D,E
74_D_F,73,D,F
74_D_G,73,D,G
74_D_H,73,D,H
74_D_I,73,D,I
74_D_K,73,D,K
74_D_L,73,D,L
74_D_M,73,D,M
74_D_N,73,D,N
74_D_P,73,D,P
74_D_Q,73,D,Q
74_D_R,73,D,R
74_D_S,73,D,S
74_D_T,73,D,T
74_D_V,73,D,V
74_D_W,73,D,W
74_D_Y,73,D,Y
75_R_A,74,R,A
75_R_C,74,R,C
75_R_D,74,R,D
75_R_E,74,R,E
75_R_F,74,R,F
75_R_G,74,R,G
75_R_H,74,R,H
75_R_I,74,R,I
75_R_K,74,R,K
75_R_L,74,R,L
75_R_M,74,R,M
75_R_N,74,R,N
75_R_P,74,R,P
75_R_Q,74,R,Q
75_R_R,74,R,R
75_R_S,74,R,S
75_R_T,74,R,T
75_R_V,74,R,V
75_R_W,74,R,W
75_R_Y,74,R,Y
76_N_A,75,N,A
76_N_C,75,N,C
76_N_D,75,N,D
76_N_E,75,N,E
76_N_F,75,N,F
76_N_G,75,N,G
76_N_H,75,N,H
76_N_I,75,N,I
76_N_K,75,N,K
76_N_L,75,N,L
76_N_M,75,N,M
76_N_N,75,N,N
76_N_P,75,N,P
76_N_Q,75,N,Q
76_N_R,75,N,R
76_N_S,75,N,S
76_N_T,75,N,T
76_N_V,75,N,V
76_N_W,75,N,W
76_N_Y,75,N,Y
7_Y_A,6,Y,A
7_Y_C,6,Y,C
7_Y_D,6,Y,D
7_Y_E,6,Y,E
7_Y_F,6,Y,F
7_Y_G,6,Y,G
7_Y_H,6,Y,H
7_Y_I,6,Y,I
7_Y_K,6,Y,K
7_Y_L,6,Y,L
7_Y_M,6,Y,M
7_Y_N,6,Y,N
7_Y_P,6,Y,P
7_Y_Q,6,Y,Q
7_Y_R,6,Y,R
7_Y_S,6,Y,S
7_Y_T,6,Y,T
7_Y_V,6,Y,V
7_Y_W,6,Y,W
7_Y_Y,6,Y,Y
32_N_A,31,N,A
32_N_C,31,N,C
32_N_D,31,N,D
32_N_E,31,N,E
32_N_F,31,N,F
32_N_G,31,N,G
32_N_H,31,N,H
32_N_I,31,N,I
32_N_K,31,N,K
32_N_L,31,N,L
32_N_M,31,N,M
32_N_N,31,N,N
32_N_P,31,N,P
32_N_Q,31,N,Q
32_N_R,31,N,R
32_N_S,31,N,S
32_N_T,31,N,T
32_N_V,31,N,V
32_N_W,31,N,W
32_N_Y,31,N,Y
34_D_A,33,D,A
34_D_C,33,D,C
34_D_D,33,D,D
34_D_E,33,D,E
34_D_F,33,D,F
34_D_G,33,D,G
34_D_H,33,D,H
34_D_I,33,D,I
34_D_K,33,D,K
34_D_L,33,D,L
34_D_M,33,D,M
34_D_N,33,D,N
34_D_P,33,D,P
34_D_Q,33,D,Q
34_D_R,33,D,R
34_D_S,33,D,S
34_D_T,33,D,T
34_D_V,33,D,V
34_D_W,33,D,W
34_D_Y,33,D,Y
40_S_A,39,S,A
40_S_C,39,S,C
40_S_D,39,S,D
40_S_E,39,S,E
40_S_F,39,S,F
40_S_G,39,S,G
40_S_H,39,S,H
40_S_I,39,S,I
40_S_K,39,S,K
40_S_L,39,S,L
40_S_M,39,S,M
40_S_N,39,S,N
40_S_P,39,S,P
40_S_Q,39,S,Q
40_S_R,39,S,R
40_S_S,39,S,S
40_S_T,39,S,T
40_S_V,39,S,V
40_S_W,39,S,W
40_S_Y,39,S,Y
42_Q_A,41,Q,A
42_Q_C,41,Q,C
42_Q_D,41,Q,D
42_Q_E,41,Q,E
42_Q_F,41,Q,F
42_Q_G,41,Q,G
42_Q_H,41,Q,H
42_Q_I,41,Q,I
42_Q_K,41,Q,K
42_Q_L,41,Q,L
42_Q_M,41,Q,M
42_Q_N,41,Q,N
42_Q_P,41,Q,P
42_Q_Q,41,Q,Q
42_Q_R,41,Q,R
42_Q_S,41,Q,S
42_Q_T,41,Q,T
42_Q_V,41,Q,V
42_Q_W,41,Q,W
42_Q_Y,41,Q,Y
44_T_A,43,T,A
44_T_C,43,T,C
44_T_D,43,T,D
44_T_E,43,T,E
44_T_F,43,T,F
44_T_G,43,T,G
44_T_H,43,T,H
44_T_I,43,T,I
44_T_K,43,T,K
44_T_L,43,T,L
44_T_M,43,T,M
44_T_N,43,T,N
44_T_P,43,T,P
44_T_Q,43,T,Q
44_T_R,43,T,R
44_T_S,43,T,S
44_T_T,43,T,T
44_T_V,43,T,V
44_T_W,43,T,W
44_T_Y,43,T,Y
48_Q_A,47,Q,A
48_Q_C,47,Q,C
48_Q_D,47,Q,D
48_Q_E,47,Q,E
48_Q_F,47,Q,F
48_Q_G,47,Q,G
48_Q_H,47,Q,H
48_Q_I,47,Q,I
48_Q_K,47,Q,K
48_Q_L,47,Q,L
48_Q_M,47,Q,M
48_Q_N,47,Q,N
48_Q_P,47,Q,P
48_Q_Q,47,Q,Q
48_Q_R,47,Q,R
48_Q_S,47,Q,S
48_Q_T,47,Q,T
48_Q_V,47,Q,V
48_Q_W,47,Q,W
48_Q_Y,47,Q,Y
63_D_A,62,D,A
63_D_C,62,D,C
63_D_D,62,D,D
63_D_E,62,D,E
63_D_F,62,D,F
63_D_G,62,D,G
63_D_H,62,D,H
63_D_I,62,D,I
63_D_K,62,D,K
63_D_L,62,D,L
63_D_M,62,D,M
63_D_N,62,D,N
63_D_P,62,D,P
63_D_Q,62,D,Q
63_D_R,62,D,R
63_D_S,62,D,S
63_D_T,62,D,T
63_D_V,62,D,V
63_D_W,62,D,W
63_D_Y,62,D,Y
67_L_A,66,L,A
67_L_C,66,L,C
67_L_D,66,L,D
67_L_E,66,L,E
67_L_F,66,L,F
67_L_G,66,L,G
67_L_H,66,L,H
67_L_I,66,L,I
67_L_K,66,L,K
67_L_L,66,L,L
67_L_M,66,L,M
67_L_N,66,L,N
67_L_P,66,L,P
67_L_Q,66,L,Q
67_L_R,66,L,R
67_L_S,66,L,S
67_L_T,66,L,T
67_L_V,66,L,V
67_L_W,66,L,W
67_L_Y,66,L,Y
76_K_A,75,K,A
76_K_C,75,K,C
76_K_D,75,K,D
76_K_E,75,K,E
76_K_F,75,K,F
76_K_G,75,K,G
76_K_H,75,K,H
76_K_I,75,K,I
76_K_K,75,K,K
76_K_L,75,K,L
76_K_M,75,K,M
76_K_N,75,K,N
76_K_P,75,K,P
76_K_Q,75,K,Q
76_K_R,75,K,R
76_K_S,75,K,S
76_K_T,75,K,T
76_K_V,75,K,V
76_K_W,75,K,W
76_K_Y,75,K,Y
2_A_A,1,A,A
2_A_C,1,A,C
2_A_D,1,A,D
2_A_E,1,A,E
2_A_F,1,A,F
2_A_G,1,A,G
2_A_H,1,A,H
2_A_I,1,A,I
2_A_K,1,A,K
2_A_L,1,A,L
2_A_M,1,A,M
2_A_N,1,A,N
2_A_P,1,A,P
2_A_Q,1,A,Q
2_A_R,1,A,R
2_A_S,1,A,S
2_A_T,1,A,T
2_A_V,1,A,V
2_A_W,1,A,W
2_A_Y,1,A,Y
5_S_A,4,S,A
5_S_C,4,S,C
5_S_D,4,S,D
5_S_E,4,S,E
5_S_F,4,S,F
5_S_G,4,S,G
5_S_H,4,S,H
5_S_I,4,S,I
5_S_K,4,S,K
5_S_L,4,S,L
5_S_M,4,S,M
5_S_N,4,S,N
5_S_P,4,S,P
5_S_Q,4,S,Q
5_S_R,4,S,R
5_S_S,4,S,S
5_S_T,4,S,T
5_S_V,4,S,V
5_S_W,4,S,W
5_S_Y,4,S,Y
16_W_A,15,W,A
16_W_C,15,W,C
16_W_D,15,W,D
16_W_E,15,W,E
16_W_F,15,W,F
16_W_G,15,W,G
16_W_H,15,W,H
16_W_I,15,W,I
16_W_K,15,W,K
16_W_L,15,W,L
16_W_M,15,W,M
16_W_N,15,W,N
16_W_P,15,W,P
16_W_Q,15,W,Q
16_W_R,15,W,R
16_W_S,15,W,S
16_W_T,15,W,T
16_W_V,15,W,V
16_W_W,15,W,W
16_W_Y,15,W,Y
32_H_A,31,H,A
32_H_C,31,H,C
32_H_D,31,H,D
32_H_E,31,H,E
32_H_F,31,H,F
32_H_G,31,H,G
32_H_H,31,H,H
32_H_I,31,H,I
32_H_K,31,H,K
32_H_L,31,H,L
32_H_M,31,H,M
32_H_N,31,H,N
32_H_P,31,H,P
32_H_Q,31,H,Q
32_H_R,31,H,R
32_H_S,31,H,S
32_H_T,31,H,T
32_H_V,31,H,V
32_H_W,31,H,W
32_H_Y,31,H,Y
33_N_A,32,N,A
33_N_C,32,N,C
33_N_D,32,N,D
33_N_E,32,N,E
33_N_F,32,N,F
33_N_G,32,N,G
33_N_H,32,N,H
33_N_I,32,N,I
33_N_K,32,N,K
33_N_L,32,N,L
33_N_M,32,N,M
33_N_N,32,N,N
33_N_P,32,N,P
33_N_Q,32,N,Q
33_N_R,32,N,R
33_N_S,32,N,S
33_N_T,32,N,T
33_N_V,32,N,V
33_N_W,32,N,W
33_N_Y,32,N,Y
36_M_A,35,M,A
36_M_C,35,M,C
36_M_D,35,M,D
36_M_E,35,M,E
36_M_F,35,M,F
36_M_G,35,M,G
36_M_H,35,M,H
36_M_I,35,M,I
36_M_K,35,M,K
36_M_L,35,M,L
36_M_M,35,M,M
36_M_N,35,M,N
36_M_P,35,M,P
36_M_Q,35,M,Q
36_M_R,35,M,R
36_M_S,35,M,S
36_M_T,35,M,T
36_M_V,35,M,V
36_M_W,35,M,W
36_M_Y,35,M,Y
48_N_A,47,N,A
48_N_C,47,N,C
48_N_D,47,N,D
48_N_E,47,N,E
48_N_F,47,N,F
48_N_G,47,N,G
48_N_H,47,N,H
48_N_I,47,N,I
48_N_K,47,N,K
48_N_L,47,N,L
48_N_M,47,N,M
48_N_N,47,N,N
48_N_P,47,N,P
48_N_Q,47,N,Q
48_N_R,47,N,R
48_N_S,47,N,S
48_N_T,47,N,T
48_N_V,47,N,V
48_N_W,47,N,W
48_N_Y,47,N,Y
59_R_A,58,R,A
59_R_C,58,R,C
59_R_D,58,R,D
59_R_E,58,R,E
59_R_F,58,R,F
59_R_G,58,R,G
59_R_H,58,R,H
59_R_I,58,R,I
59_R_K,58,R,K
59_R_L,58,R,L
59_R_M,58,R,M
59_R_N,58,R,N
59_R_P,58,R,P
59_R_Q,58,R,Q
59_R_R,58,R,R
59_R_S,58,R,S
59_R_T,58,R,T
59_R_V,58,R,V
59_R_W,58,R,W
59_R_Y,58,R,Y
62_Y_A,61,Y,A
62_Y_C,61,Y,C
62_Y_D,61,Y,D
62_Y_E,61,Y,E
62_Y_F,61,Y,F
62_Y_G,61,Y,G
62_Y_H,61,Y,H
62_Y_I,61,Y,I
62_Y_K,61,Y,K
62_Y_L,61,Y,L
62_Y_M,61,Y,M
62_Y_N,61,Y,N
62_Y_P,61,Y,P
62_Y_Q,61,Y,Q
62_Y_R,61,Y,R
62_Y_S,61,Y,S
62_Y_T,61,Y,T
62_Y_V,61,Y,V
62_Y_W,61,Y,W
62_Y_Y,61,Y,Y
69_G_A,68,G,A
69_G_C,68,G,C
69_G_D,68,G,D
69_G_E,68,G,E
69_G_F,68,G,F
69_G_G,68,G,G
69_G_H,68,G,H
69_G_I,68,G,I
69_G_K,68,G,K
69_G_L,68,G,L
69_G_M,68,G,M
69_G_N,68,G,N
69_G_P,68,G,P
69_G_Q,68,G,Q
69_G_R,68,G,R
69_G_S,68,G,S
69_G_T,68,G,T
69_G_V,68,G,V
69_G_W,68,G,W
69_G_Y,68,G,Y
71_I_A,70,I,A
71_I_C,70,I,C
71_I_D,70,I,D
71_I_E,70,I,E
71_I_F,70,I,F
71_I_G,70,I,G
71_I_H,70,I,H
71_I_I,70,I,I
71_I_K,70,I,K
71_I_L,70,I,L
71_I_M,70,I,M
71_I_N,70,I,N
71_I_P,70,I,P
71_I_Q,70,I,Q
71_I_R,70,I,R
71_I_S,70,I,S
71_I_T,70,I,T
71_I_V,70,I,V
71_I_W,70,I,W
71_I_Y,70,I,Y
76_R_A,75,R,A
76_R_C,75,R,C
76_R_D,75,R,D
76_R_E,75,R,E
76_R_F,75,R,F
76_R_G,75,R,G
76_R_H,75,R,H
76_R_I,75,R,I
76_R_K,75,R,K
76_R_L,75,R,L
76_R_M,75,R,M
76_R_N,75,R,N
76_R_P,75,R,P
76_R_Q,75,R,Q
76_R_R,75,R,R
76_R_S,75,R,S
76_R_T,75,R,T
76_R_V,75,R,V
76_R_W,75,R,W
76_R_Y,75,R,Y
33_T_A,32,T,A
33_T_C,32,T,C
33_T_D,32,T,D
33_T_E,32,T,E
33_T_F,32,T,F
33_T_G,32,T,G
33_T_H,32,T,H
33_T_I,32,T,I
33_T_K,32,T,K
33_T_L,32,T,L
33_T_M,32,T,M
33_T_N,32,T,N
33_T_P,32,T,P
33_T_Q,32,T,Q
33_T_R,32,T,R
33_T_S,32,T,S
33_T_T,32,T,T
33_T_V,32,T,V
33_T_W,32,T,W
33_T_Y,32,T,Y
36_V_A,35,V,A
36_V_C,35,V,C
36_V_D,35,V,D
36_V_E,35,V,E
36_V_F,35,V,F
36_V_G,35,V,G
36_V_H,35,V,H
36_V_I,35,V,I
36_V_K,35,V,K
36_V_L,35,V,L
36_V_M,35,V,M
36_V_N,35,V,N
36_V_P,35,V,P
36_V_Q,35,V,Q
36_V_R,35,V,R
36_V_S,35,V,S
36_V_T,35,V,T
36_V_V,35,V,V
36_V_W,35,V,W
36_V_Y,35,V,Y
2_Q_A,1,Q,A
2_Q_C,1,Q,C
2_Q_D,1,Q,D
2_Q_E,1,Q,E
2_Q_F,1,Q,F
2_Q_G,1,Q,G
2_Q_H,1,Q,H
2_Q_I,1,Q,I
2_Q_K,1,Q,K
2_Q_L,1,Q,L
2_Q_M,1,Q,M
2_Q_N,1,Q,N
2_Q_P,1,Q,P
2_Q_Q,1,Q,Q
2_Q_R,1,Q,R
2_Q_S,1,Q,S
2_Q_T,1,Q,T
2_Q_V,1,Q,V
2_Q_W,1,Q,W
2_Q_Y,1,Q,Y
3_I_A,2,I,A
3_I_C,2,I,C
3_I_D,2,I,D
3_I_E,2,I,E
3_I_F,2,I,F
3_I_G,2,I,G
3_I_H,2,I,H
3_I_I,2,I,I
3_I_K,2,I,K
3_I_L,2,I,L
3_I_M,2,I,M
3_I_N,2,I,N
3_I_P,2,I,P
3_I_Q,2,I,Q
3_I_R,2,I,R
3_I_S,2,I,S
3_I_T,2,I,T
3_I_V,2,I,V
3_I_W,2,I,W
3_I_Y,2,I,Y
5_N_A,4,N,A
5_N_C,4,N,C
5_N_D,4,N,D
5_N_E,4,N,E
5_N_F,4,N,F
5_N_G,4,N,G
5_N_H,4,N,H
5_N_I,4,N,I
5_N_K,4,N,K
5_N_L,4,N,L
5_N_M,4,N,M
5_N_N,4,N,N
5_N_P,4,N,P
5_N_Q,4,N,Q
5_N_R,4,N,R
5_N_S,4,N,S
5_N_T,4,N,T
5_N_V,4,N,V
5_N_W,4,N,W
5_N_Y,4,N,Y
7_V_A,6,V,A
7_V_C,6,V,C
7_V_D,6,V,D
7_V_E,6,V,E
7_V_F,6,V,F
7_V_G,6,V,G
7_V_H,6,V,H
7_V_I,6,V,I
7_V_K,6,V,K
7_V_L,6,V,L
7_V_M,6,V,M
7_V_N,6,V,N
7_V_P,6,V,P
7_V_Q,6,V,Q
7_V_R,6,V,R
7_V_S,6,V,S
7_V_T,6,V,T
7_V_V,6,V,V
7_V_W,6,V,W
7_V_Y,6,V,Y
11_F_A,10,F,A
11_F_C,10,F,C
11_F_D,10,F,D
11_F_E,10,F,E
11_F_F,10,F,F
11_F_G,10,F,G
11_F_H,10,F,H
11_F_I,10,F,I
11_F_K,10,F,K
11_F_L,10,F,L
11_F_M,10,F,M
11_F_N,10,F,N
11_F_P,10,F,P
11_F_Q,10,F,Q
11_F_R,10,F,R
11_F_S,10,F,S
11_F_T,10,F,T
11_F_V,10,F,V
11_F_W,10,F,W
11_F_Y,10,F,Y
32_P_A,31,P,A
32_P_C,31,P,C
32_P_D,31,P,D
32_P_E,31,P,E
32_P_F,31,P,F
32_P_G,31,P,G
32_P_H,31,P,H
32_P_I,31,P,I
32_P_K,31,P,K
32_P_L,31,P,L
32_P_M,31,P,M
32_P_N,31,P,N
32_P_P,31,P,P
32_P_Q,31,P,Q
32_P_R,31,P,R
32_P_S,31,P,S
32_P_T,31,P,T
32_P_V,31,P,V
32_P_W,31,P,W
32_P_Y,31,P,Y
42_S_A,41,S,A
42_S_C,41,S,C
42_S_D,41,S,D
42_S_E,41,S,E
42_S_F,41,S,F
42_S_G,41,S,G
42_S_H,41,S,H
42_S_I,41,S,I
42_S_K,41,S,K
42_S_L,41,S,L
42_S_M,41,S,M
42_S_N,41,S,N
42_S_P,41,S,P
42_S_Q,41,S,Q
42_S_R,41,S,R
42_S_S,41,S,S
42_S_T,41,S,T
42_S_V,41,S,V
42_S_W,41,S,W
42_S_Y,41,S,Y
62_L_A,61,L,A
62_L_C,61,L,C
62_L_D,61,L,D
62_L_E,61,L,E
62_L_F,61,L,F
62_L_G,61,L,G
62_L_H,61,L,H
62_L_I,61,L,I
62_L_K,61,L,K
62_L_L,61,L,L
62_L_M,61,L,M
62_L_N,61,L,N
62_L_P,61,L,P
62_L_Q,61,L,Q
62_L_R,61,L,R
62_L_S,61,L,S
62_L_T,61,L,T
62_L_V,61,L,V
62_L_W,61,L,W
62_L_Y,61,L,Y
64_M_A,63,M,A
64_M_C,63,M,C
64_M_D,63,M,D
64_M_E,63,M,E
64_M_F,63,M,F
64_M_G,63,M,G
64_M_H,63,M,H
64_M_I,63,M,I
64_M_K,63,M,K
64_M_L,63,M,L
64_M_M,63,M,M
64_M_N,63,M,N
64_M_P,63,M,P
64_M_Q,63,M,Q
64_M_R,63,M,R
64_M_S,63,M,S
64_M_T,63,M,T
64_M_V,63,M,V
64_M_W,63,M,W
64_M_Y,63,M,Y
67_T_A,66,T,A
67_T_C,66,T,C
67_T_D,66,T,D
67_T_E,66,T,E
67_T_F,66,T,F
67_T_G,66,T,G
67_T_H,66,T,H
67_T_I,66,T,I
67_T_K,66,T,K
67_T_L,66,T,L
67_T_M,66,T,M
67_T_N,66,T,N
67_T_P,66,T,P
67_T_Q,66,T,Q
67_T_R,66,T,R
67_T_S,66,T,S
67_T_T,66,T,T
67_T_V,66,T,V
67_T_W,66,T,W
67_T_Y,66,T,Y
70_N_A,69,N,A
70_N_C,69,N,C
70_N_D,69,N,D
70_N_E,69,N,E
70_N_F,69,N,F
70_N_G,69,N,G
70_N_H,69,N,H
70_N_I,69,N,I
70_N_K,69,N,K
70_N_L,69,N,L
70_N_M,69,N,M
70_N_N,69,N,N
70_N_P,69,N,P
70_N_Q,69,N,Q
70_N_R,69,N,R
70_N_S,69,N,S
70_N_T,69,N,T
70_N_V,69,N,V
70_N_W,69,N,W
70_N_Y,69,N,Y
71_S_A,70,S,A
71_S_C,70,S,C
71_S_D,70,S,D
71_S_E,70,S,E
71_S_F,70,S,F
71_S_G,70,S,G
71_S_H,70,S,H
71_S_I,70,S,I
71_S_K,70,S,K
71_S_L,70,S,L
71_S_M,70,S,M
71_S_N,70,S,N
71_S_P,70,S,P
71_S_Q,70,S,Q
71_S_R,70,S,R
71_S_S,70,S,S
71_S_T,70,S,T
71_S_V,70,S,V
71_S_W,70,S,W
71_S_Y,70,S,Y
74_E_A,73,E,A
74_E_C,73,E,C
74_E_D,73,E,D
74_E_E,73,E,E
74_E_F,73,E,F
74_E_G,73,E,G
74_E_H,73,E,H
74_E_I,73,E,I
74_E_K,73,E,K
74_E_L,73,E,L
74_E_M,73,E,M
74_E_N,73,E,N
74_E_P,73,E,P
74_E_Q,73,E,Q
74_E_R,73,E,R
74_E_S,73,E,S
74_E_T,73,E,T
74_E_V,73,E,V
74_E_W,73,E,W
74_E_Y,73,E,Y
76_G_A,75,G,A
76_G_C,75,G,C
76_G_D,75,G,D
76_G_E,75,G,E
76_G_F,75,G,F
76_G_G,75,G,G
76_G_H,75,G,H
76_G_I,75,G,I
76_G_K,75,G,K
76_G_L,75,G,L
76_G_M,75,G,M
76_G_N,75,G,N
76_G_P,75,G,P
76_G_Q,75,G,Q
76_G_R,75,G,R
76_G_S,75,G,S
76_G_T,75,G,T
76_G_V,75,G,V
76_G_W,75,G,W
76_G_Y,75,G,Y
29_L_A,28,L,A
29_L_C,28,L,C
29_L_D,28,L,D
29_L_E,28,L,E
29_L_F,28,L,F
29_L_G,28,L,G
29_L_H,28,L,H
29_L_I,28,L,I
29_L_K,28,L,K
29_L_L,28,L,L
29_L_M,28,L,M
29_L_N,28,L,N
29_L_P,28,L,P
29_L_Q,28,L,Q
29_L_R,28,L,R
29_L_S,28,L,S
29_L_T,28,L,T
29_L_V,28,L,V
29_L_W,28,L,W
29_L_Y,28,L,Y
42_N_A,41,N,A
42_N_C,41,N,C
42_N_D,41,N,D
42_N_E,41,N,E
42_N_F,41,N,F
42_N_G,41,N,G
42_N_H,41,N,H
42_N_I,41,N,I
42_N_K,41,N,K
42_N_L,41,N,L
42_N_M,41,N,M
42_N_N,41,N,N
42_N_P,41,N,P
42_N_Q,41,N,Q
42_N_R,41,N,R
42_N_S,41,N,S
42_N_T,41,N,T
42_N_V,41,N,V
42_N_W,41,N,W
42_N_Y,41,N,Y
5_D_A,4,D,A
5_D_C,4,D,C
5_D_D,4,D,D
5_D_E,4,D,E
5_D_F,4,D,F
5_D_G,4,D,G
5_D_H,4,D,H
5_D_I,4,D,I
5_D_K,4,D,K
5_D_L,4,D,L
5_D_M,4,D,M
5_D_N,4,D,N
5_D_P,4,D,P
5_D_Q,4,D,Q
5_D_R,4,D,R
5_D_S,4,D,S
5_D_T,4,D,T
5_D_V,4,D,V
5_D_W,4,D,W
5_D_Y,4,D,Y
7_A_A,6,A,A
7_A_C,6,A,C
7_A_D,6,A,D
7_A_E,6,A,E
7_A_F,6,A,F
7_A_G,6,A,G
7_A_H,6,A,H
7_A_I,6,A,I
7_A_K,6,A,K
7_A_L,6,A,L
7_A_M,6,A,M
7_A_N,6,A,N
7_A_P,6,A,P
7_A_Q,6,A,Q
7_A_R,6,A,R
7_A_S,6,A,S
7_A_T,6,A,T
7_A_V,6,A,V
7_A_W,6,A,W
7_A_Y,6,A,Y
47_R_A,46,R,A
47_R_C,46,R,C
47_R_D,46,R,D
47_R_E,46,R,E
47_R_F,46,R,F
47_R_G,46,R,G
47_R_H,46,R,H
47_R_I,46,R,I
47_R_K,46,R,K
47_R_L,46,R,L
47_R_M,46,R,M
47_R_N,46,R,N
47_R_P,46,R,P
47_R_Q,46,R,Q
47_R_R,46,R,R
47_R_S,46,R,S
47_R_T,46,R,T
47_R_V,46,R,V
47_R_W,46,R,W
47_R_Y,46,R,Y
59_N_A,58,N,A
59_N_C,58,N,C
59_N_D,58,N,D
59_N_E,58,N,E
59_N_F,58,N,F
59_N_G,58,N,G
59_N_H,58,N,H
59_N_I,58,N,I
59_N_K,58,N,K
59_N_L,58,N,L
59_N_M,58,N,M
59_N_N,58,N,N
59_N_P,58,N,P
59_N_Q,58,N,Q
59_N_R,58,N,R
59_N_S,58,N,S
59_N_T,58,N,T
59_N_V,58,N,V
59_N_W,58,N,W
59_N_Y,58,N,Y
62_I_A,61,I,A
62_I_C,61,I,C
62_I_D,61,I,D
62_I_E,61,I,E
62_I_F,61,I,F
62_I_G,61,I,G
62_I_H,61,I,H
62_I_I,61,I,I
62_I_K,61,I,K
62_I_L,61,I,L
62_I_M,61,I,M
62_I_N,61,I,N
62_I_P,61,I,P
62_I_Q,61,I,Q
62_I_R,61,I,R
62_I_S,61,I,S
62_I_T,61,I,T
62_I_V,61,I,V
62_I_W,61,I,W
62_I_Y,61,I,Y
67_S_A,66,S,A
67_S_C,66,S,C
67_S_D,66,S,D
67_S_E,66,S,E
67_S_F,66,S,F
67_S_G,66,S,G
67_S_H,66,S,H
67_S_I,66,S,I
67_S_K,66,S,K
67_S_L,66,S,L
67_S_M,66,S,M
67_S_N,66,S,N
67_S_P,66,S,P
67_S_Q,66,S,Q
67_S_R,66,S,R
67_S_S,66,S,S
67_S_T,66,S,T
67_S_V,66,S,V
67_S_W,66,S,W
67_S_Y,66,S,Y
68_R_A,67,R,A
68_R_C,67,R,C
68_R_D,67,R,D
68_R_E,67,R,E
68_R_F,67,R,F
68_R_G,67,R,G
68_R_H,67,R,H
68_R_I,67,R,I
68_R_K,67,R,K
68_R_L,67,R,L
68_R_M,67,R,M
68_R_N,67,R,N
68_R_P,67,R,P
68_R_Q,67,R,Q
68_R_R,67,R,R
68_R_S,67,R,S
68_R_T,67,R,T
68_R_V,67,R,V
68_R_W,67,R,W
68_R_Y,67,R,Y
33_A_A,32,A,A
33_A_C,32,A,C
33_A_D,32,A,D
33_A_E,32,A,E
33_A_F,32,A,F
33_A_G,32,A,G
33_A_H,32,A,H
33_A_I,32,A,I
33_A_K,32,A,K
33_A_L,32,A,L
33_A_M,32,A,M
33_A_N,32,A,N
33_A_P,32,A,P
33_A_Q,32,A,Q
33_A_R,32,A,R
33_A_S,32,A,S
33_A_T,32,A,T
33_A_V,32,A,V
33_A_W,32,A,W
33_A_Y,32,A,Y
41_Q_A,40,Q,A
41_Q_C,40,Q,C
41_Q_D,40,Q,D
41_Q_E,40,Q,E
41_Q_F,40,Q,F
41_Q_G,40,Q,G
41_Q_H,40,Q,H
41_Q_I,40,Q,I
41_Q_K,40,Q,K
41_Q_L,40,Q,L
41_Q_M,40,Q,M
41_Q_N,40,Q,N
41_Q_P,40,Q,P
41_Q_Q,40,Q,Q
41_Q_R,40,Q,R
41_Q_S,40,Q,S
41_Q_T,40,Q,T
41_Q_V,40,Q,V
41_Q_W,40,Q,W
41_Q_Y,40,Q,Y
63_Q_A,62,Q,A
63_Q_C,62,Q,C
63_Q_D,62,Q,D
63_Q_E,62,Q,E
63_Q_F,62,Q,F
63_Q_G,62,Q,G
63_Q_H,62,Q,H
63_Q_I,62,Q,I
63_Q_K,62,Q,K
63_Q_L,62,Q,L
63_Q_M,62,Q,M
63_Q_N,62,Q,N
63_Q_P,62,Q,P
63_Q_Q,62,Q,Q
63_Q_R,62,Q,R
63_Q_S,62,Q,S
63_Q_T,62,Q,T
63_Q_V,62,Q,V
63_Q_W,62,Q,W
63_Q_Y,62,Q,Y
71_C_A,70,C,A
71_C_C,70,C,C
71_C_D,70,C,D
71_C_E,70,C,E
71_C_F,70,C,F
71_C_G,70,C,G
71_C_H,70,C,H
71_C_I,70,C,I
71_C_K,70,C,K
71_C_L,70,C,L
71_C_M,70,C,M
71_C_N,70,C,N
71_C_P,70,C,P
71_C_Q,70,C,Q
71_C_R,70,C,R
71_C_S,70,C,S
71_C_T,70,C,T
71_C_V,70,C,V
71_C_W,70,C,W
71_C_Y,70,C,Y
73_R_A,72,R,A
73_R_C,72,R,C
73_R_D,72,R,D
73_R_E,72,R,E
73_R_F,72,R,F
73_R_G,72,R,G
73_R_H,72,R,H
73_R_I,72,R,I
73_R_K,72,R,K
73_R_L,72,R,L
73_R_M,72,R,M
73_R_N,72,R,N
73_R_P,72,R,P
73_R_Q,72,R,Q
73_R_R,72,R,R
73_R_S,72,R,S
73_R_T,72,R,T
73_R_V,72,R,V
73_R_W,72,R,W
73_R_Y,72,R,Y
7_E_A,6,E,A
7_E_C,6,E,C
7_E_D,6,E,D
7_E_E,6,E,E
7_E_F,6,E,F
7_E_G,6,E,G
7_E_H,6,E,H
7_E_I,6,E,I
7_E_K,6,E,K
7_E_L,6,E,L
7_E_M,6,E,M
7_E_N,6,E,N
7_E_P,6,E,P
7_E_Q,6,E,Q
7_E_R,6,E,R
7_E_S,6,E,S
7_E_T,6,E,T
7_E_V,6,E,V
7_E_W,6,E,W
7_E_Y,6,E,Y
11_C_A,10,C,A
11_C_C,10,C,C
11_C_D,10,C,D
11_C_E,10,C,E
11_C_F,10,C,F
11_C_G,10,C,G
11_C_H,10,C,H
11_C_I,10,C,I
11_C_K,10,C,K
11_C_L,10,C,L
11_C_M,10,C,M
11_C_N,10,C,N
11_C_P,10,C,P
11_C_Q,10,C,Q
11_C_R,10,C,R
11_C_S,10,C,S
11_C_T,10,C,T
11_C_V,10,C,V
11_C_W,10,C,W
11_C_Y,10,C,Y
17_T_A,16,T,A
17_T_C,16,T,C
17_T_D,16,T,D
17_T_E,16,T,E
17_T_F,16,T,F
17_T_G,16,T,G
17_T_H,16,T,H
17_T_I,16,T,I
17_T_K,16,T,K
17_T_L,16,T,L
17_T_M,16,T,M
17_T_N,16,T,N
17_T_P,16,T,P
17_T_Q,16,T,Q
17_T_R,16,T,R
17_T_S,16,T,S
17_T_T,16,T,T
17_T_V,16,T,V
17_T_W,16,T,W
17_T_Y,16,T,Y
28_A_A,27,A,A
28_A_C,27,A,C
28_A_D,27,A,D
28_A_E,27,A,E
28_A_F,27,A,F
28_A_G,27,A,G
28_A_H,27,A,H
28_A_I,27,A,I
28_A_K,27,A,K
28_A_L,27,A,L
28_A_M,27,A,M
28_A_N,27,A,N
28_A_P,27,A,P
28_A_Q,27,A,Q
28_A_R,27,A,R
28_A_S,27,A,S
28_A_T,27,A,T
28_A_V,27,A,V
28_A_W,27,A,W
28_A_Y,27,A,Y
29_V_A,28,V,A
29_V_C,28,V,C
29_V_D,28,V,D
29_V_E,28,V,E
29_V_F,28,V,F
29_V_G,28,V,G
29_V_H,28,V,H
29_V_I,28,V,I
29_V_K,28,V,K
29_V_L,28,V,L
29_V_M,28,V,M
29_V_N,28,V,N
29_V_P,28,V,P
29_V_Q,28,V,Q
29_V_R,28,V,R
29_V_S,28,V,S
29_V_T,28,V,T
29_V_V,28,V,V
29_V_W,28,V,W
29_V_Y,28,V,Y
30_E_A,29,E,A
30_E_C,29,E,C
30_E_D,29,E,D
30_E_E,29,E,E
30_E_F,29,E,F
30_E_G,29,E,G
30_E_H,29,E,H
30_E_I,29,E,I
30_E_K,29,E,K
30_E_L,29,E,L
30_E_M,29,E,M
30_E_N,29,E,N
30_E_P,29,E,P
30_E_Q,29,E,Q
30_E_R,29,E,R
30_E_S,29,E,S
30_E_T,29,E,T
30_E_V,29,E,V
30_E_W,29,E,W
30_E_Y,29,E,Y
32_Q_A,31,Q,A
32_Q_C,31,Q,C
32_Q_D,31,Q,D
32_Q_E,31,Q,E
32_Q_F,31,Q,F
32_Q_G,31,Q,G
32_Q_H,31,Q,H
32_Q_I,31,Q,I
32_Q_K,31,Q,K
32_Q_L,31,Q,L
32_Q_M,31,Q,M
32_Q_N,31,Q,N
32_Q_P,31,Q,P
32_Q_Q,31,Q,Q
32_Q_R,31,Q,R
32_Q_S,31,Q,S
32_Q_T,31,Q,T
32_Q_V,31,Q,V
32_Q_W,31,Q,W
32_Q_Y,31,Q,Y
33_H_A,32,H,A
33_H_C,32,H,C
33_H_D,32,H,D
33_H_E,32,H,E
33_H_F,32,H,F
33_H_G,32,H,G
33_H_H,32,H,H
33_H_I,32,H,I
33_H_K,32,H,K
33_H_L,32,H,L
33_H_M,32,H,M
33_H_N,32,H,N
33_H_P,32,H,P
33_H_Q,32,H,Q
33_H_R,32,H,R
33_H_S,32,H,S
33_H_T,32,H,T
33_H_V,32,H,V
33_H_W,32,H,W
33_H_Y,32,H,Y
34_N_A,33,N,A
34_N_C,33,N,C
34_N_D,33,N,D
34_N_E,33,N,E
34_N_F,33,N,F
34_N_G,33,N,G
34_N_H,33,N,H
34_N_I,33,N,I
34_N_K,33,N,K
34_N_L,33,N,L
34_N_M,33,N,M
34_N_N,33,N,N
34_N_P,33,N,P
34_N_Q,33,N,Q
34_N_R,33,N,R
34_N_S,33,N,S
34_N_T,33,N,T
34_N_V,33,N,V
34_N_W,33,N,W
34_N_Y,33,N,Y
36_L_A,35,L,A
36_L_C,35,L,C
36_L_D,35,L,D
36_L_E,35,L,E
36_L_F,35,L,F
36_L_G,35,L,G
36_L_H,35,L,H
36_L_I,35,L,I
36_L_K,35,L,K
36_L_L,35,L,L
36_L_M,35,L,M
36_L_N,35,L,N
36_L_P,35,L,P
36_L_Q,35,L,Q
36_L_R,35,L,R
36_L_S,35,L,S
36_L_T,35,L,T
36_L_V,35,L,V
36_L_W,35,L,W
36_L_Y,35,L,Y
38_A_A,37,A,A
38_A_C,37,A,C
38_A_D,37,A,D
38_A_E,37,A,E
38_A_F,37,A,F
38_A_G,37,A,G
38_A_H,37,A,H
38_A_I,37,A,I
38_A_K,37,A,K
38_A_L,37,A,L
38_A_M,37,A,M
38_A_N,37,A,N
38_A_P,37,A,P
38_A_Q,37,A,Q
38_A_R,37,A,R
38_A_S,37,A,S
38_A_T,37,A,T
38_A_V,37,A,V
38_A_W,37,A,W
38_A_Y,37,A,Y
39_G_A,38,G,A
39_G_C,38,G,C
39_G_D,38,G,D
39_G_E,38,G,E
39_G_F,38,G,F
39_G_G,38,G,G
39_G_H,38,G,H
39_G_I,38,G,I
39_G_K,38,G,K
39_G_L,38,G,L
39_G_M,38,G,M
39_G_N,38,G,N
39_G_P,38,G,P
39_G_Q,38,G,Q
39_G_R,38,G,R
39_G_S,38,G,S
39_G_T,38,G,T
39_G_V,38,G,V
39_G_W,38,G,W
39_G_Y,38,G,Y
40_R_A,39,R,A
40_R_C,39,R,C
40_R_D,39,R,D
40_R_E,39,R,E
40_R_F,39,R,F
40_R_G,39,R,G
40_R_H,39,R,H
40_R_I,39,R,I
40_R_K,39,R,K
40_R_L,39,R,L
40_R_M,39,R,M
40_R_N,39,R,N
40_R_P,39,R,P
40_R_Q,39,R,Q
40_R_R,39,R,R
40_R_S,39,R,S
40_R_T,39,R,T
40_R_V,39,R,V
40_R_W,39,R,W
40_R_Y,39,R,Y
42_D_A,41,D,A
42_D_C,41,D,C
42_D_D,41,D,D
42_D_E,41,D,E
42_D_F,41,D,F
42_D_G,41,D,G
42_D_H,41,D,H
42_D_I,41,D,I
42_D_K,41,D,K
42_D_L,41,D,L
42_D_M,41,D,M
42_D_N,41,D,N
42_D_P,41,D,P
42_D_Q,41,D,Q
42_D_R,41,D,R
42_D_S,41,D,S
42_D_T,41,D,T
42_D_V,41,D,V
42_D_W,41,D,W
42_D_Y,41,D,Y
44_I_A,43,I,A
44_I_C,43,I,C
44_I_D,43,I,D
44_I_E,43,I,E
44_I_F,43,I,F
44_I_G,43,I,G
44_I_H,43,I,H
44_I_I,43,I,I
44_I_K,43,I,K
44_I_L,43,I,L
44_I_M,43,I,M
44_I_N,43,I,N
44_I_P,43,I,P
44_I_Q,43,I,Q
44_I_R,43,I,R
44_I_S,43,I,S
44_I_T,43,I,T
44_I_V,43,I,V
44_I_W,43,I,W
44_I_Y,43,I,Y
48_I_A,47,I,A
48_I_C,47,I,C
48_I_D,47,I,D
48_I_E,47,I,E
48_I_F,47,I,F
48_I_G,47,I,G
48_I_H,47,I,H
48_I_I,47,I,I
48_I_K,47,I,K
48_I_L,47,I,L
48_I_M,47,I,M
48_I_N,47,I,N
48_I_P,47,I,P
48_I_Q,47,I,Q
48_I_R,47,I,R
48_I_S,47,I,S
48_I_T,47,I,T
48_I_V,47,I,V
48_I_W,47,I,W
48_I_Y,47,I,Y
52_N_A,51,N,A
52_N_C,51,N,C
52_N_D,51,N,D
52_N_E,51,N,E
52_N_F,51,N,F
52_N_G,51,N,G
52_N_H,51,N,H
52_N_I,51,N,I
52_N_K,51,N,K
52_N_L,51,N,L
52_N_M,51,N,M
52_N_N,51,N,N
52_N_P,51,N,P
52_N_Q,51,N,Q
52_N_R,51,N,R
52_N_S,51,N,S
52_N_T,51,N,T
52_N_V,51,N,V
52_N_W,51,N,W
52_N_Y,51,N,Y
54_P_A,53,P,A
54_P_C,53,P,C
54_P_D,53,P,D
54_P_E,53,P,E
54_P_F,53,P,F
54_P_G,53,P,G
54_P_H,53,P,H
54_P_I,53,P,I
54_P_K,53,P,K
54_P_L,53,P,L
54_P_M,53,P,M
54_P_N,53,P,N
54_P_P,53,P,P
54_P_Q,53,P,Q
54_P_R,53,P,R
54_P_S,53,P,S
54_P_T,53,P,T
54_P_V,53,P,V
54_P_W,53,P,W
54_P_Y,53,P,Y
58_Y_A,57,Y,A
58_Y_C,57,Y,C
58_Y_D,57,Y,D
58_Y_E,57,Y,E
58_Y_F,57,Y,F
58_Y_G,57,Y,G
58_Y_H,57,Y,H
58_Y_I,57,Y,I
58_Y_K,57,Y,K
58_Y_L,57,Y,L
58_Y_M,57,Y,M
58_Y_N,57,Y,N
58_Y_P,57,Y,P
58_Y_Q,57,Y,Q
58_Y_R,57,Y,R
58_Y_S,57,Y,S
58_Y_T,57,Y,T
58_Y_V,57,Y,V
58_Y_W,57,Y,W
58_Y_Y,57,Y,Y
64_A_A,63,A,A
64_A_C,63,A,C
64_A_D,63,A,D
64_A_E,63,A,E
64_A_F,63,A,F
64_A_G,63,A,G
64_A_H,63,A,H
64_A_I,63,A,I
64_A_K,63,A,K
64_A_L,63,A,L
64_A_M,63,A,M
64_A_N,63,A,N
64_A_P,63,A,P
64_A_Q,63,A,Q
64_A_R,63,A,R
64_A_S,63,A,S
64_A_T,63,A,T
64_A_V,63,A,V
64_A_W,63,A,W
64_A_Y,63,A,Y
67_N_A,66,N,A
67_N_C,66,N,C
67_N_D,66,N,D
67_N_E,66,N,E
67_N_F,66,N,F
67_N_G,66,N,G
67_N_H,66,N,H
67_N_I,66,N,I
67_N_K,66,N,K
67_N_L,66,N,L
67_N_M,66,N,M
67_N_N,66,N,N
67_N_P,66,N,P
67_N_Q,66,N,Q
67_N_R,66,N,R
67_N_S,66,N,S
67_N_T,66,N,T
67_N_V,66,N,V
67_N_W,66,N,W
67_N_Y,66,N,Y
68_L_A,67,L,A
68_L_C,67,L,C
68_L_D,67,L,D
68_L_E,67,L,E
68_L_F,67,L,F
68_L_G,67,L,G
68_L_H,67,L,H
68_L_I,67,L,I
68_L_K,67,L,K
68_L_L,67,L,L
68_L_M,67,L,M
68_L_N,67,L,N
68_L_P,67,L,P
68_L_Q,67,L,Q
68_L_R,67,L,R
68_L_S,67,L,S
68_L_T,67,L,T
68_L_V,67,L,V
68_L_W,67,L,W
68_L_Y,67,L,Y
70_A_A,69,A,A
70_A_C,69,A,C
70_A_D,69,A,D
70_A_E,69,A,E
70_A_F,69,A,F
70_A_G,69,A,G
70_A_H,69,A,H
70_A_I,69,A,I
70_A_K,69,A,K
70_A_L,69,A,L
70_A_M,69,A,M
70_A_N,69,A,N
70_A_P,69,A,P
70_A_Q,69,A,Q
70_A_R,69,A,R
70_A_S,69,A,S
70_A_T,69,A,T
70_A_V,69,A,V
70_A_W,69,A,W
70_A_Y,69,A,Y
71_-_A,70,-,A
71_-_C,70,-,C
71_-_D,70,-,D
71_-_E,70,-,E
71_-_F,70,-,F
71_-_G,70,-,G
71_-_H,70,-,H
71_-_I,70,-,I
71_-_K,70,-,K
71_-_L,70,-,L
71_-_M,70,-,M
71_-_N,70,-,N
71_-_P,70,-,P
71_-_Q,70,-,Q
71_-_R,70,-,R
71_-_S,70,-,S
71_-_T,70,-,T
71_-_V,70,-,V
71_-_W,70,-,W
71_-_Y,70,-,Y
74_T_A,73,T,A
74_T_C,73,T,C
74_T_D,73,T,D
74_T_E,73,T,E
74_T_F,73,T,F
74_T_G,73,T,G
74_T_H,73,T,H
74_T_I,73,T,I
74_T_K,73,T,K
74_T_L,73,T,L
74_T_M,73,T,M
74_T_N,73,T,N
74_T_P,73,T,P
74_T_Q,73,T,Q
74_T_R,73,T,R
74_T_S,73,T,S
74_T_T,73,T,T
74_T_V,73,T,V
74_T_W,73,T,W
74_T_Y,73,T,Y
75_K_A,74,K,A
75_K_C,74,K,C
75_K_D,74,K,D
75_K_E,74,K,E
75_K_F,74,K,F
75_K_G,74,K,G
75_K_H,74,K,H
75_K_I,74,K,I
75_K_K,74,K,K
75_K_L,74,K,L
75_K_M,74,K,M
75_K_N,74,K,N
75_K_P,74,K,P
75_K_Q,74,K,Q
75_K_R,74,K,R
75_K_S,74,K,S
75_K_T,74,K,T
75_K_V,74,K,V
75_K_W,74,K,W
75_K_Y,74,K,Y
70_S_A,69,S,A
70_S_C,69,S,C
70_S_D,69,S,D
70_S_E,69,S,E
70_S_F,69,S,F
70_S_G,69,S,G
70_S_H,69,S,H
70_S_I,69,S,I
70_S_K,69,S,K
70_S_L,69,S,L
70_S_M,69,S,M
70_S_N,69,S,N
70_S_P,69,S,P
70_S_Q,69,S,Q
70_S_R,69,S,R
70_S_S,69,S,S
70_S_T,69,S,T
70_S_V,69,S,V
70_S_W,69,S,W
70_S_Y,69,S,Y
71_Q_A,70,Q,A
71_Q_C,70,Q,C
71_Q_D,70,Q,D
71_Q_E,70,Q,E
71_Q_F,70,Q,F
71_Q_G,70,Q,G
71_Q_H,70,Q,H
71_Q_I,70,Q,I
71_Q_K,70,Q,K
71_Q_L,70,Q,L
71_Q_M,70,Q,M
71_Q_N,70,Q,N
71_Q_P,70,Q,P
71_Q_Q,70,Q,Q
71_Q_R,70,Q,R
71_Q_S,70,Q,S
71_Q_T,70,Q,T
71_Q_V,70,Q,V
71_Q_W,70,Q,W
71_Q_Y,70,Q,Y
42_T_A,41,T,A
42_T_C,41,T,C
42_T_D,41,T,D
42_T_E,41,T,E
42_T_F,41,T,F
42_T_G,41,T,G
42_T_H,41,T,H
42_T_I,41,T,I
42_T_K,41,T,K
42_T_L,41,T,L
42_T_M,41,T,M
42_T_N,41,T,N
42_T_P,41,T,P
42_T_Q,41,T,Q
42_T_R,41,T,R
42_T_S,41,T,S
42_T_T,41,T,T
42_T_V,41,T,V
42_T_W,41,T,W
42_T_Y,41,T,Y
